id,first_name,last_name,email,gender,ip_address
1,Lane,Gocher,lgocher0@bizjournals.com,Female,159.46.177.174
2,Freda,Capponer,fcapponer1@sina.com.cn,Female,195.210.95.128
3,Erick,Hamprecht,ehamprecht2@freewebs.com,Male,209.168.16.39
4,Hamid,Bauer,hbauer3@java.com,Male,188.155.160.74
5,Tonia,Dorow,tdorow4@patch.com,Female,136.48.72.205
6,Frederik,Haysman,fhaysman5@bloglines.com,Male,59.63.217.55
7,Alair,Coxen,acoxen6@google.com,Agender,122.79.40.211
8,Artur,Brawn,abrawn7@salon.com,Male,192.252.245.44
9,Buckie,Baumann,bbaumann8@washingtonpost.com,Genderfluid,131.18.192.112
10,Corella,MacFadzean,cmacfadzean9@auda.org.au,Female,43.196.173.165
11,Yuma,Kerridge,ykerridgea@bandcamp.com,Male,87.133.9.191
12,Amelina,Butterfill,abutterfillb@webnode.com,Female,149.175.234.47
13,Tierney,Mackrell,tmackrellc@barnesandnoble.com,Female,82.11.154.90
14,Gypsy,Grouen,ggrouend@marketwatch.com,Genderfluid,200.163.112.229
15,Cordy,Shipp,cshippe@jalbum.net,Female,111.165.191.51
16,Tony,Halden,thaldenf@unc.edu,Female,6.128.35.131
17,Skipper,January 1st,sjanuarystg@examiner.com,Male,63.173.253.136
18,Domini,Devigne,ddevigneh@phpbb.com,Female,36.192.238.247
19,Roanne,Pickvance,rpickvancei@samsung.com,Female,17.70.6.18
20,Mitchell,Nealy,mnealyj@tinypic.com,Male,167.69.210.15
21,Carolyn,Ortzen,cortzenk@cloudflare.com,Female,212.252.245.144
22,Michaelina,Horribine,mhorribinel@addthis.com,Female,169.26.82.192
23,Adriana,Kincla,akinclam@wordpress.com,Female,236.5.175.39
24,Carlina,Zamora,czamoran@imgur.com,Female,234.207.0.81
25,Linus,Burrell,lburrello@washingtonpost.com,Male,120.144.232.17
26,Glenn,Soaper,gsoaperp@geocities.com,Male,169.158.61.70
27,Alma,Westrope,awestropeq@hp.com,Agender,0.89.149.128
28,Bette,Bulward,bbulwardr@chronoengine.com,Female,109.139.191.65
29,Samson,Rowlstone,srowlstones@infoseek.co.jp,Male,220.226.84.200
30,Kennedy,Bamborough,kbamborought@reddit.com,Male,233.229.74.16
31,Orion,Eddins,oeddinsu@intel.com,Male,46.143.81.254
32,Kelbee,McAne,kmcanev@economist.com,Male,135.244.213.22
33,Rawley,Hemstead,rhemsteadw@irs.gov,Male,242.98.127.8
34,Wilfrid,Lindley,wlindleyx@reuters.com,Genderfluid,173.215.239.244
35,Wallas,Geck,wgecky@blogspot.com,Male,36.27.13.254
36,Carson,Kahan,ckahanz@un.org,Male,158.46.172.96
37,Berk,Wann,bwann10@cbc.ca,Male,115.10.64.76
38,Leanor,Adnam,ladnam11@shareasale.com,Female,231.236.197.61
39,Joelie,Ledgerton,jledgerton12@last.fm,Female,136.195.249.128
40,Haywood,Chatband,hchatband13@aol.com,Male,14.184.137.126
41,Genni,Tilbey,gtilbey14@springer.com,Female,10.16.211.76
42,Ailbert,Fanton,afanton15@eepurl.com,Male,148.228.72.34
43,Sarge,Hanscomb,shanscomb16@deviantart.com,Male,251.205.231.77
44,Sarine,Gatrill,sgatrill17@desdev.cn,Female,74.150.218.179
45,Melany,Chalice,mchalice18@photobucket.com,Female,17.4.72.158
46,Haily,Pavis,hpavis19@ocn.ne.jp,Male,201.105.50.21
47,Nicolea,Sainteau,nsainteau1a@bbb.org,Female,33.93.228.169
48,Fae,Jerger,fjerger1b@goo.ne.jp,Female,147.255.176.83
49,Parke,Wharrier,pwharrier1c@europa.eu,Male,208.115.132.73
50,Hugh,Kochs,hkochs1d@freewebs.com,Male,225.186.134.248
51,Lowrance,Thackwray,lthackwray1e@blog.com,Male,164.57.124.125
52,Ranna,Berwick,rberwick1f@t-online.de,Female,53.127.173.104
53,Ann-marie,Phillins,aphillins1g@digg.com,Female,101.227.199.44
54,Baryram,Denniss,bdenniss1h@csmonitor.com,Male,80.104.127.42
55,Melisandra,Gulc,mgulc1i@angelfire.com,Female,34.19.30.136
56,Cornie,Ace,cace1j@printfriendly.com,Female,109.22.234.57
57,Reggi,Bearns,rbearns1k@whitehouse.gov,Female,32.60.152.114
58,Ernestine,Hightown,ehightown1l@ebay.com,Female,49.73.241.140
59,Annabel,Shout,ashout1m@netscape.com,Female,200.239.105.9
60,Hagan,Pengilly,hpengilly1n@weibo.com,Male,233.150.47.147
61,Marianna,Sackes,msackes1o@ucla.edu,Female,90.12.220.48
62,Hakim,Alwell,halwell1p@weebly.com,Male,36.66.98.212
63,Michell,Nissle,mnissle1q@indiatimes.com,Female,145.139.156.198
64,Adam,Boecke,aboecke1r@netvibes.com,Male,80.54.35.189
65,Gorden,Duddan,gduddan1s@pagesperso-orange.fr,Male,35.45.242.33
66,Carmine,Forsdicke,cforsdicke1t@spotify.com,Male,49.47.226.175
67,Bellanca,Kinder,bkinder1u@twitpic.com,Female,169.57.144.100
68,Dael,Grimmolby,dgrimmolby1v@marketwatch.com,Male,211.196.65.77
69,Wayland,Smardon,wsmardon1w@rambler.ru,Male,246.119.252.13
70,Klemens,Troubridge,ktroubridge1x@youtube.com,Male,35.72.193.210
71,Merralee,Corrison,mcorrison1y@bbb.org,Female,89.233.49.180
72,Joannes,Doerren,jdoerren1z@umn.edu,Female,210.169.30.31
73,Dinah,Archbould,darchbould20@vk.com,Female,188.177.226.34
74,Jewel,Novic,jnovic21@bloomberg.com,Female,74.143.51.31
75,Jaine,Silver,jsilver22@buzzfeed.com,Female,91.18.74.242
76,Amitie,Garrand,agarrand23@telegraph.co.uk,Female,100.166.244.12
77,Pooh,Atto,patto24@cafepress.com,Female,159.18.49.124
78,Tina,Powe,tpowe25@lulu.com,Female,10.1.4.52
79,Rufus,Kleiser,rkleiser26@zdnet.com,Male,173.139.10.172
80,Piper,Dockery,pdockery27@yelp.com,Female,144.126.254.126
81,Austina,Borkin,aborkin28@xinhuanet.com,Female,244.199.197.128
82,Abby,Dorwood,adorwood29@hexun.com,Agender,77.125.207.22
83,Arlen,Rudgard,arudgard2a@trellian.com,Male,104.133.233.145
84,Jessamyn,Troucher,jtroucher2b@nature.com,Female,77.155.63.229
85,Jan,Phythian,jphythian2c@paypal.com,Female,77.133.200.7
86,Darrell,Alywen,dalywen2d@opensource.org,Male,4.74.136.90
87,Roberta,Wathen,rwathen2e@sitemeter.com,Female,153.174.17.50
88,Dexter,Esby,desby2f@weebly.com,Male,128.249.139.160
89,Alexi,Brayfield,abrayfield2g@51.la,Female,126.182.75.129
90,Emlyn,Knewstub,eknewstub2h@histats.com,Male,226.87.2.237
91,Fidelity,Adamolli,fadamolli2i@twitpic.com,Female,174.254.89.201
92,Haily,McKeachie,hmckeachie2j@weebly.com,Female,126.121.85.146
93,Elbertine,Connors,econnors2k@prnewswire.com,Female,54.91.5.123
94,Malina,Angeau,mangeau2l@umich.edu,Female,80.166.98.84
95,Oren,Wooffinden,owooffinden2m@joomla.org,Male,149.9.94.19
96,Rois,Sotham,rsotham2n@nih.gov,Female,207.70.248.77
97,Bevan,Trenfield,btrenfield2o@comsenz.com,Male,245.4.246.106
98,Courtney,Sprott,csprott2p@tumblr.com,Female,202.0.123.135
99,Mahala,Marson,mmarson2q@cloudflare.com,Female,63.219.243.255
100,Clive,Pirie,cpirie2r@hexun.com,Male,43.209.64.177
101,Ken,Minot,kminot2s@businessinsider.com,Male,26.220.67.218
102,Katlin,Catcherside,kcatcherside2t@theglobeandmail.com,Female,216.60.49.172
103,Kipper,Stilling,kstilling2u@ifeng.com,Agender,167.7.1.9
104,Ketti,Quinnell,kquinnell2v@reverbnation.com,Genderfluid,37.146.127.247
105,Radcliffe,Gisby,rgisby2w@cocolog-nifty.com,Male,186.237.179.185
106,Wald,Campana,wcampana2x@go.com,Male,152.227.138.138
107,Chere,Marousek,cmarousek2y@ask.com,Female,140.200.207.169
108,Vilhelmina,Yakobowitch,vyakobowitch2z@example.com,Female,189.70.170.88
109,Jarid,Sidon,jsidon30@histats.com,Genderqueer,108.234.84.39
110,Milt,Sendley,msendley31@amazon.com,Male,159.214.57.202
111,Lilith,Kochl,lkochl32@chronoengine.com,Genderqueer,47.88.79.75
112,Cyndie,Strowlger,cstrowlger33@va.gov,Female,243.160.23.47
113,Marketa,Newcombe,mnewcombe34@wisc.edu,Female,208.164.255.80
114,Kristopher,Humphris,khumphris35@webnode.com,Male,207.3.130.26
115,Frederich,Mackin,fmackin36@hubpages.com,Male,69.120.134.14
116,Wynny,Kobiera,wkobiera37@independent.co.uk,Agender,0.109.214.49
117,Abigale,Feldklein,afeldklein38@is.gd,Female,131.160.37.54
118,Clement,McKeighen,cmckeighen39@github.io,Polygender,248.114.71.108
119,Barris,Westnedge,bwestnedge3a@yolasite.com,Male,80.62.86.79
120,Eda,Kerr,ekerr3b@apple.com,Female,107.97.86.72
121,Pattie,Ossenna,possenna3c@skyrock.com,Male,92.190.95.126
122,Humfrid,Dearnly,hdearnly3d@mediafire.com,Male,215.237.81.189
123,Johnathon,Hefner,jhefner3e@taobao.com,Genderqueer,1.224.223.37
124,Cordi,Gaines,cgaines3f@digg.com,Female,47.245.224.237
125,Lorinda,Birkett,lbirkett3g@list-manage.com,Female,25.255.51.34
126,Felicle,Bulled,fbulled3h@indiatimes.com,Female,173.222.63.1
127,Arlina,Wiggam,awiggam3i@arizona.edu,Non-binary,38.182.221.75
128,Evangeline,Djokovic,edjokovic3j@buzzfeed.com,Female,174.23.85.53
129,Phillipp,Winckle,pwinckle3k@businesswire.com,Male,99.117.110.24
130,Nealon,Gobbett,ngobbett3l@hostgator.com,Male,12.181.184.133
131,Corissa,Oldfield-Cherry,coldfieldcherry3m@statcounter.com,Non-binary,57.102.79.128
132,Anica,Peggs,apeggs3n@engadget.com,Female,227.170.99.49
133,Valencia,McGonigle,vmcgonigle3o@1688.com,Female,199.192.36.19
134,Edeline,Piper,epiper3p@example.com,Female,238.170.132.179
135,Katharyn,McKimm,kmckimm3q@hud.gov,Female,5.111.12.217
136,Gabriellia,Aymes,gaymes3r@booking.com,Genderfluid,104.121.133.232
137,Eamon,McKissack,emckissack3s@ihg.com,Male,76.20.206.14
138,Eolande,McCoole,emccoole3t@artisteer.com,Female,187.140.204.6
139,Carrie,Jordison,cjordison3u@ftc.gov,Female,135.84.185.56
140,Issy,Trapp,itrapp3v@forbes.com,Female,180.120.37.72
141,Perceval,Scane,pscane3w@webs.com,Male,252.56.16.182
142,Lora,Deport,ldeport3x@hugedomains.com,Female,185.150.108.147
143,Neall,Tanzer,ntanzer3y@skyrock.com,Genderfluid,70.25.30.177
144,Porter,Eneas,peneas3z@1688.com,Genderqueer,190.8.128.83
145,Hillier,Ricks,hricks40@wikia.com,Male,60.160.197.87
146,Elias,Wands,ewands41@google.es,Male,226.138.155.5
147,Solly,Eustes,seustes42@geocities.com,Male,241.122.14.26
148,Elnar,Dorricott,edorricott43@nationalgeographic.com,Male,22.143.105.154
149,Dewitt,Allison,dallison44@seattletimes.com,Male,45.37.129.115
150,Erastus,Duly,eduly45@w3.org,Male,253.3.168.37
151,Geordie,Juarez,gjuarez46@netscape.com,Male,169.41.19.158
152,Lisha,Petrina,lpetrina47@columbia.edu,Female,91.107.33.138
153,Palmer,Colgan,pcolgan48@xrea.com,Male,151.212.121.92
154,Essie,Cleyne,ecleyne49@webeden.co.uk,Female,60.160.203.35
155,Elmore,Boynton,eboynton4a@ucla.edu,Male,180.43.83.15
156,Morgun,Hurford,mhurford4b@tripadvisor.com,Male,195.120.143.170
157,Rosanne,Ozanne,rozanne4c@blinklist.com,Female,8.191.66.32
158,Evyn,Spinke,espinke4d@mozilla.com,Male,146.215.168.186
159,Agnola,Asple,aasple4e@e-recht24.de,Female,231.106.6.36
160,Siward,Wethers,swethers4f@geocities.jp,Male,40.189.126.39
161,Biron,Lago,blago4g@sfgate.com,Male,168.41.248.28
162,Edan,Crosen,ecrosen4h@craigslist.org,Male,166.159.232.5
163,Eberto,Solley,esolley4i@1688.com,Male,31.196.65.64
164,Brendis,Armin,barmin4j@domainmarket.com,Male,19.151.215.81
165,Aguste,Gairdner,agairdner4k@fotki.com,Male,31.112.5.254
166,Malinda,Flaune,mflaune4l@flavors.me,Female,124.214.112.21
167,Juliet,Pinnere,jpinnere4m@biblegateway.com,Female,245.19.80.95
168,Farrand,Sneezem,fsneezem4n@yahoo.co.jp,Agender,123.201.100.46
169,Kory,Burgoyne,kburgoyne4o@hostgator.com,Male,28.253.236.121
170,Ferdie,Maxweell,fmaxweell4p@nhs.uk,Male,197.158.161.253
171,Angelico,Crawshaw,acrawshaw4q@umn.edu,Male,105.173.208.99
172,Jeralee,Morecomb,jmorecomb4r@google.co.uk,Female,118.39.71.9
173,Mercedes,Giacovazzo,mgiacovazzo4s@live.com,Female,211.227.185.158
174,Baxter,Illes,billes4t@hexun.com,Male,149.70.144.148
175,Everett,Paddy,epaddy4u@liveinternet.ru,Male,93.21.178.166
176,Kaye,McGreil,kmcgreil4v@usnews.com,Female,120.87.235.41
177,Silvain,Medwell,smedwell4w@sun.com,Male,43.111.151.187
178,Federica,Messager,fmessager4x@unesco.org,Agender,118.78.115.80
179,Camille,Cordle,ccordle4y@networksolutions.com,Female,208.54.178.78
180,Greg,Rigardeau,grigardeau4z@spotify.com,Male,254.52.48.251
181,Vite,Rutland,vrutland50@i2i.jp,Male,181.6.244.135
182,Miof mela,Maine,mmaine51@multiply.com,Female,225.79.237.159
183,Nickola,Arnold,narnold52@wired.com,Male,253.7.237.201
184,Cherri,Argyle,cargyle53@discuz.net,Female,152.40.25.9
185,Florentia,de Villier,fdevillier54@twitpic.com,Female,113.193.155.226
186,Misti,Wharby,mwharby55@umn.edu,Female,193.129.243.178
187,Edwina,Lelievre,elelievre56@google.de,Female,153.199.185.140
188,Ricki,Dewbury,rdewbury57@twitter.com,Male,12.25.21.132
189,Sean,Gallaher,sgallaher58@godaddy.com,Female,152.95.0.74
190,Adrian,Rait,arait59@so-net.ne.jp,Female,126.166.19.186
191,Christan,Esposita,cesposita5a@twitter.com,Female,248.8.140.153
192,Dennet,Isoldi,disoldi5b@mediafire.com,Male,246.135.59.36
193,Shawn,Ruddoch,sruddoch5c@cnn.com,Male,112.216.249.157
194,Birgit,Gilfillan,bgilfillan5d@ning.com,Female,105.242.166.145
195,Prissie,Althorpe,palthorpe5e@who.int,Female,138.254.27.43
196,Anders,Mahon,amahon5f@eventbrite.com,Male,49.211.100.246
197,Michell,Zanutti,mzanutti5g@kickstarter.com,Female,194.228.214.125
198,Kirk,Dowsing,kdowsing5h@boston.com,Male,16.244.93.24
199,Anne-corinne,Hullah,ahullah5i@meetup.com,Female,116.57.227.177
200,Zebadiah,Piatkow,zpiatkow5j@washington.edu,Male,183.172.200.233
201,Cobbie,Piggin,cpiggin5k@dot.gov,Male,142.188.5.138
202,Rowena,Paunton,rpaunton5l@engadget.com,Female,41.10.99.156
203,Agnola,Covendon,acovendon5m@blogs.com,Female,230.246.131.216
204,Tristan,Malling,tmalling5n@ocn.ne.jp,Male,203.224.88.57
205,Wiley,Livard,wlivard5o@forbes.com,Male,185.190.212.4
206,Whitby,Rosenqvist,wrosenqvist5p@51.la,Male,207.60.55.155
207,Starla,Drissell,sdrissell5q@washingtonpost.com,Female,140.252.19.179
208,Park,Spalding,pspalding5r@newyorker.com,Genderqueer,201.50.137.67
209,Bren,Carlesi,bcarlesi5s@marketwatch.com,Male,46.69.152.66
210,Dorey,Van der Baaren,dvanderbaaren5t@rakuten.co.jp,Male,231.229.69.111
211,Brooke,Deeks,bdeeks5u@archive.org,Bigender,62.81.102.67
212,Susi,Tretter,stretter5v@google.ca,Agender,30.225.195.113
213,Athene,Semarke,asemarke5w@zimbio.com,Female,17.139.111.250
214,Farlie,Rubinsztein,frubinsztein5x@1688.com,Male,125.95.160.140
215,Millisent,Currey,mcurrey5y@go.com,Female,82.157.88.248
216,Jerrold,Graeber,jgraeber5z@cargocollective.com,Male,179.101.193.92
217,Roland,Dahmel,rdahmel60@topsy.com,Male,65.203.171.163
218,Faythe,Snoxall,fsnoxall61@unicef.org,Female,61.15.4.71
219,Ivar,Kaine,ikaine62@quantcast.com,Polygender,51.38.166.108
220,Merv,Goscomb,mgoscomb63@hibu.com,Male,123.63.106.44
221,Raff,Bushel,rbushel64@mozilla.com,Male,134.26.6.169
222,Eddy,Enoksson,eenoksson65@rakuten.co.jp,Male,191.70.2.89
223,Nikos,Bartalini,nbartalini66@fema.gov,Male,164.140.120.245
224,Teirtza,Redgate,tredgate67@vimeo.com,Female,203.146.5.235
225,Ginni,Bille,gbille68@barnesandnoble.com,Female,13.84.252.48
226,Ozzy,Yardy,oyardy69@a8.net,Male,147.65.7.208
227,Herold,Batecok,hbatecok6a@ustream.tv,Male,249.169.183.113
228,Damara,Muff,dmuff6b@fema.gov,Female,31.213.2.170
229,Jeramie,Hadye,jhadye6c@privacy.gov.au,Male,142.229.30.115
230,Meridel,Whitcomb,mwhitcomb6d@vistaprint.com,Female,249.96.164.95
231,Tedman,Effemy,teffemy6e@youtube.com,Male,20.143.4.184
232,Marcellus,Hatton,mhatton6f@prlog.org,Male,113.233.145.20
233,Nat,Lobley,nlobley6g@ning.com,Male,190.32.146.108
234,Fredrick,Houlison,fhoulison6h@goodreads.com,Male,48.8.141.36
235,Anatol,Willmore,awillmore6i@rediff.com,Male,48.56.53.131
236,Doe,Leach,dleach6j@google.com.au,Genderqueer,128.8.35.178
237,Mureil,Oakden,moakden6k@adobe.com,Female,119.63.254.156
238,Dione,Cufley,dcufley6l@csmonitor.com,Female,108.47.242.106
239,Cate,Nassi,cnassi6m@marketwatch.com,Female,165.58.222.44
240,Shae,Want,swant6n@dyndns.org,Male,18.60.209.14
241,Emiline,Camous,ecamous6o@pbs.org,Genderfluid,197.69.235.245
242,Dante,Benza,dbenza6p@walmart.com,Male,69.172.238.173
243,Shandie,Cashman,scashman6q@flickr.com,Female,32.118.159.188
244,Correna,Golsthorp,cgolsthorp6r@artisteer.com,Female,35.132.206.209
245,Alfred,Britian,abritian6s@tuttocitta.it,Male,10.172.186.124
246,Dannel,Livingston,dlivingston6t@dailymotion.com,Male,61.129.99.141
247,Caprice,Flecknoe,cflecknoe6u@ihg.com,Female,34.92.33.37
248,Tait,Slyman,tslyman6v@list-manage.com,Male,82.195.196.244
249,Bo,Rhoades,brhoades6w@nsw.gov.au,Male,43.61.52.247
250,Cornela,Munslow,cmunslow6x@sbwire.com,Female,62.126.120.240
251,Porter,Salmon,psalmon6y@ucsd.edu,Male,146.110.11.249
252,Cullan,Momford,cmomford6z@google.co.jp,Male,91.79.178.54
253,Eleni,Renshell,erenshell70@oaic.gov.au,Female,31.29.32.196
254,Elana,Dudbridge,edudbridge71@sina.com.cn,Female,85.103.7.212
255,Ced,Harron,charron72@ifeng.com,Male,241.187.112.208
256,Bird,Mooreed,bmooreed73@cnet.com,Female,130.249.28.51
257,Sutherland,Ramlot,sramlot74@123-reg.co.uk,Male,100.10.87.164
258,Byron,Douch,bdouch75@yelp.com,Male,248.148.184.210
259,Edgardo,Pendre,ependre76@pcworld.com,Male,123.41.175.228
260,Hamish,Stobbie,hstobbie77@blogtalkradio.com,Male,234.153.211.219
261,Elroy,Brodbin,ebrodbin78@walmart.com,Male,98.255.20.93
262,Rollin,Venes,rvenes79@dropbox.com,Male,209.114.79.154
263,Clare,Kitchingman,ckitchingman7a@utexas.edu,Female,37.191.150.26
264,Martina,Medhurst,mmedhurst7b@ox.ac.uk,Female,241.82.50.77
265,Wilow,Fonzone,wfonzone7c@tumblr.com,Female,188.213.39.90
266,Darcie,Hauger,dhauger7d@newsvine.com,Female,143.246.248.185
267,Delilah,Philbrook,dphilbrook7e@storify.com,Female,129.163.131.118
268,Barbara,McCreedy,bmccreedy7f@upenn.edu,Female,127.147.12.241
269,Alyda,Pincott,apincott7g@bravesites.com,Female,88.92.116.198
270,Cory,Petras,cpetras7h@blogtalkradio.com,Female,73.59.243.216
271,Davida,Showell,dshowell7i@constantcontact.com,Female,117.26.104.177
272,Carita,Wheelwright,cwheelwright7j@time.com,Female,182.100.74.17
273,Hinda,Kelner,hkelner7k@phpbb.com,Female,168.217.197.208
274,Jolee,Gladman,jgladman7l@networkadvertising.org,Female,228.25.244.45
275,Zeb,Daintith,zdaintith7m@aol.com,Male,120.138.225.34
276,Faustina,Moston,fmoston7n@weather.com,Female,5.109.124.189
277,Rhiamon,Gyford,rgyford7o@jugem.jp,Female,197.0.146.35
278,Lorelei,Silcox,lsilcox7p@java.com,Female,20.185.201.71
279,Garry,Gianuzzi,ggianuzzi7q@cnn.com,Male,30.252.87.179
280,Sean,De Francesco,sdefrancesco7r@msn.com,Male,91.70.31.188
281,Neal,Darlasson,ndarlasson7s@netscape.com,Male,104.189.238.4
282,Christos,Klaas,cklaas7t@devhub.com,Agender,185.169.25.222
283,Mohandas,Le - Count,mlecount7u@theatlantic.com,Male,68.16.66.23
284,Gherardo,Amberson,gamberson7v@upenn.edu,Male,168.73.164.218
285,Cos,Daye,cdaye7w@miibeian.gov.cn,Genderfluid,148.145.88.27
286,Cammy,Banat,cbanat7x@tripadvisor.com,Polygender,130.144.93.191
287,Carmon,Mingaye,cmingaye7y@timesonline.co.uk,Female,219.44.243.53
288,Umberto,Bertlin,ubertlin7z@ask.com,Male,215.131.222.99
289,Stavro,Rushforth,srushforth80@walmart.com,Male,92.195.73.6
290,Inna,Dengel,idengel81@google.cn,Female,171.251.133.250
291,Abbie,Foddy,afoddy82@cnbc.com,Female,200.108.41.211
292,Georgeanna,Doore,gdoore83@gmpg.org,Female,10.148.26.220
293,Bartram,Jentges,bjentges84@behance.net,Male,134.57.34.136
294,Cris,Klimecki,cklimecki85@csmonitor.com,Bigender,225.92.120.144
295,Skippie,Spillane,sspillane86@de.vu,Male,242.204.41.214
296,Fredrick,Ren,fren87@latimes.com,Male,122.29.148.220
297,Kari,Sarra,ksarra88@acquirethisname.com,Female,120.34.31.59
298,Sanderson,Kindon,skindon89@themeforest.net,Male,164.253.162.201
299,Willy,Gary,wgary8a@seattletimes.com,Female,238.254.20.231
300,Zeke,Crosier,zcrosier8b@wunderground.com,Male,95.245.139.166
301,Sigfrid,Freschini,sfreschini8c@weather.com,Male,39.255.164.212
302,Pietra,Genever,pgenever8d@comcast.net,Female,149.167.249.94
303,Clemmie,Tryhorn,ctryhorn8e@thetimes.co.uk,Male,1.33.137.41
304,Annora,McTiernan,amctiernan8f@facebook.com,Female,53.143.109.25
305,Edgard,Emburey,eemburey8g@wikispaces.com,Polygender,100.4.89.246
306,Anallese,Linfield,alinfield8h@gov.uk,Female,26.145.50.63
307,Laverna,Boxhill,lboxhill8i@multiply.com,Female,45.117.51.84
308,Edik,Brampton,ebrampton8j@ehow.com,Genderqueer,205.142.51.141
309,Linzy,Cockings,lcockings8k@ted.com,Female,219.13.41.150
310,Deana,Di Lucia,ddilucia8l@vkontakte.ru,Female,210.34.8.179
311,Linnell,Goldsworthy,lgoldsworthy8m@linkedin.com,Female,40.175.136.36
312,Denna,Siggens,dsiggens8n@woothemes.com,Polygender,226.35.217.150
313,Tannie,Meininking,tmeininking8o@cnet.com,Male,192.43.70.178
314,Johann,Hrinchishin,jhrinchishin8p@cdbaby.com,Male,208.133.55.141
315,Hewet,Gregor,hgregor8q@ucsd.edu,Male,137.114.35.87
316,Lizette,Helkin,lhelkin8r@stanford.edu,Female,150.25.142.224
317,Valaree,Rubinek,vrubinek8s@hibu.com,Female,50.108.151.153
318,Hermon,Arkill,harkill8t@domainmarket.com,Male,1.177.226.223
319,Filia,Berecloth,fberecloth8u@soundcloud.com,Bigender,184.51.136.100
320,Verina,Mechell,vmechell8v@so-net.ne.jp,Female,177.221.218.255
321,Timmie,Crockatt,tcrockatt8w@sbwire.com,Male,113.203.117.127
322,Olly,Sturch,osturch8x@businessinsider.com,Male,93.228.98.36
323,Michal,Casham,mcasham8y@exblog.jp,Female,26.169.207.53
324,Niall,Pridgeon,npridgeon8z@wufoo.com,Male,70.8.105.182
325,Odo,Pfertner,opfertner90@discuz.net,Male,138.17.95.161
326,Abran,Nairns,anairns91@vistaprint.com,Male,86.253.240.212
327,Berny,Lyall,blyall92@phoca.cz,Male,159.104.11.124
328,Kattie,Belden,kbelden93@sphinn.com,Female,54.38.112.84
329,Alfons,Barefoot,abarefoot94@usatoday.com,Male,177.87.39.152
330,Adlai,Byrom,abyrom95@wikia.com,Male,193.230.15.171
331,Peggi,Fossord,pfossord96@noaa.gov,Female,238.161.227.226
332,Lem,Newcomen,lnewcomen97@miibeian.gov.cn,Male,88.231.151.239
333,Cathy,Jarrad,cjarrad98@toplist.cz,Female,91.214.253.17
334,Kalil,Butland,kbutland99@newyorker.com,Male,66.170.161.105
335,Pail,Vicioso,pvicioso9a@mac.com,Male,79.73.165.204
336,Bernete,Slack,bslack9b@howstuffworks.com,Female,248.48.237.119
337,Annecorinne,Plimmer,aplimmer9c@godaddy.com,Female,145.69.81.38
338,Robinia,Kilduff,rkilduff9d@bluehost.com,Female,185.67.5.79
339,Dulcie,McGreal,dmcgreal9e@mit.edu,Female,211.188.123.158
340,Antonius,Polkinhorn,apolkinhorn9f@answers.com,Male,203.61.32.104
341,Cole,Ching,cching9g@home.pl,Male,132.46.115.248
342,Lynnet,Hessenthaler,lhessenthaler9h@craigslist.org,Genderqueer,90.88.160.126
343,Izzy,Bates,ibates9i@over-blog.com,Male,158.163.6.18
344,Cassy,Herley,cherley9j@t.co,Genderfluid,114.18.25.70
345,Mervin,Yurkevich,myurkevich9k@netlog.com,Male,232.60.2.185
346,Bess,Narrie,bnarrie9l@unesco.org,Agender,129.107.251.166
347,Viola,Tonn,vtonn9m@un.org,Female,239.48.180.233
348,Evelyn,Vasyutichev,evasyutichev9n@addthis.com,Female,205.249.16.211
349,Gwenore,Mineghelli,gmineghelli9o@netvibes.com,Female,252.180.206.199
350,Kassey,Cockshutt,kcockshutt9p@plala.or.jp,Female,125.113.77.115
351,Aristotle,Cullingworth,acullingworth9q@photobucket.com,Male,191.250.10.155
352,Warner,Batting,wbatting9r@blogger.com,Male,139.145.208.209
353,Donal,Takkos,dtakkos9s@cnbc.com,Male,144.236.233.145
354,Edd,Dedman,ededman9t@unicef.org,Male,50.54.62.190
355,Cointon,Rozier,crozier9u@eepurl.com,Male,128.197.86.124
356,Laureen,Sachno,lsachno9v@hc360.com,Female,252.117.190.57
357,Elwin,Houltham,ehoultham9w@hostgator.com,Male,185.112.251.163
358,Rudiger,Dunning,rdunning9x@blogspot.com,Male,206.128.196.243
359,Francyne,Eckh,feckh9y@digg.com,Genderfluid,72.50.182.205
360,L;urette,Pantone,lpantone9z@wired.com,Female,150.44.20.77
361,Claiborne,Cannings,ccanningsa0@howstuffworks.com,Male,60.91.113.244
362,Kaila,Belli,kbellia1@livejournal.com,Female,143.161.161.5
363,Eleanor,Compford,ecompforda2@dropbox.com,Female,58.163.150.26
364,Herc,Gerrett,hgerretta3@usnews.com,Male,68.195.151.238
365,Purcell,Lafaye,plafayea4@nymag.com,Bigender,7.194.49.116
366,Shirlene,McLeoid,smcleoida5@ca.gov,Female,4.121.94.210
367,Sollie,Wateridge,swateridgea6@ucla.edu,Male,252.143.179.132
368,Cori,Gowanson,cgowansona7@pinterest.com,Female,105.159.107.120
369,Jerald,Bringloe,jbringloea8@techcrunch.com,Male,167.76.170.91
370,Madalyn,Chawkley,mchawkleya9@linkedin.com,Female,117.49.137.229
371,Gillan,Brough,gbroughaa@spotify.com,Female,93.22.134.33
372,Frederich,Trewhitt,ftrewhittab@baidu.com,Male,121.205.53.144
373,Sonja,Siehard,ssiehardac@virginia.edu,Polygender,122.42.36.86
374,Dionisio,Whinney,dwhinneyad@ifeng.com,Male,145.206.23.253
375,Gisele,Ousbie,gousbieae@wiley.com,Non-binary,28.159.154.14
376,Willamina,Halsted,whalstedaf@hhs.gov,Female,218.255.214.23
377,Stern,Beddoes,sbeddoesag@mac.com,Male,145.247.179.169
378,Sharleen,Bibbie,sbibbieah@yolasite.com,Female,4.181.114.146
379,Cortney,Christophers,cchristophersai@amazon.co.jp,Female,63.165.154.211
380,Sarine,Valentim,svalentimaj@home.pl,Female,61.81.234.91
381,Zara,Huckin,zhuckinak@amazon.de,Female,129.40.146.247
382,Mylo,Iceton,micetonal@cisco.com,Male,95.219.143.75
383,Leonid,Killingback,lkillingbackam@addtoany.com,Male,172.60.82.20
384,Dacy,Pattini,dpattinian@hibu.com,Female,177.88.98.177
385,Far,Jennaway,fjennawayao@google.nl,Male,76.107.167.236
386,Moe,Tuminelli,mtuminelliap@examiner.com,Male,37.87.43.86
387,Nikos,Boyford,nboyfordaq@macromedia.com,Male,72.213.254.248
388,Jeffie,Hedworth,jhedworthar@apache.org,Male,205.18.193.14
389,Gerianne,Grzeskowski,ggrzeskowskias@opensource.org,Female,166.219.184.229
390,Micheil,Kulis,mkulisat@taobao.com,Male,118.105.249.251
391,Hashim,McPhilemy,hmcphilemyau@hc360.com,Male,156.103.146.63
392,Esdras,Pethybridge,epethybridgeav@blog.com,Male,110.236.43.98
393,Joleen,Jeannard,jjeannardaw@slideshare.net,Female,22.96.32.247
394,Loretta,Oland,lolandax@nhs.uk,Female,94.183.108.90
395,Malachi,Forrestill,mforrestillay@patch.com,Genderqueer,173.89.82.63
396,Westbrook,Westrey,wwestreyaz@apple.com,Male,174.181.3.77
397,Crin,Aggett,caggettb0@buzzfeed.com,Female,129.75.180.98
398,Rock,Dytham,rdythamb1@addtoany.com,Male,70.76.122.31
399,Antonius,Dannell,adannellb2@parallels.com,Male,20.162.104.250
400,Thacher,Vasyunichev,tvasyunichevb3@yolasite.com,Male,234.22.68.233
401,Carly,Lyons,clyonsb4@tiny.cc,Female,23.233.167.107
402,Yvonne,Slowgrave,yslowgraveb5@hatena.ne.jp,Female,158.145.50.51
403,Bink,Woodwin,bwoodwinb6@squarespace.com,Male,63.88.241.154
404,Suzy,Bony,sbonyb7@behance.net,Female,138.88.60.122
405,Mercedes,Franckton,mfrancktonb8@friendfeed.com,Female,121.116.76.76
406,Eugenie,Blackledge,eblackledgeb9@bandcamp.com,Female,124.187.213.102
407,Teodorico,Eyeington,teyeingtonba@go.com,Male,15.124.88.59
408,Bobbie,Eldered,belderedbb@paginegialle.it,Female,66.110.214.162
409,Herman,Blackater,hblackaterbc@irs.gov,Male,123.187.237.125
410,Faith,Havock,fhavockbd@springer.com,Bigender,161.122.7.167
411,Doris,Pilmore,dpilmorebe@fema.gov,Female,17.23.83.202
412,Brandy,Paynes,bpaynesbf@is.gd,Male,97.119.217.173
413,Terry,Ishak,tishakbg@usa.gov,Agender,255.250.216.161
414,Teddy,Latty,tlattybh@cocolog-nifty.com,Male,228.138.74.225
415,Hernando,Cantero,hcanterobi@nbcnews.com,Male,94.154.185.229
416,Cale,Lis,clisbj@nytimes.com,Non-binary,114.183.112.160
417,Flem,Brambill,fbrambillbk@jiathis.com,Male,79.218.216.25
418,Hobart,Boam,hboambl@ucoz.com,Male,94.203.65.184
419,Marys,Matushenko,mmatushenkobm@hud.gov,Female,99.202.109.122
420,Ira,De Winton,idewintonbn@webnode.com,Male,126.254.71.43
421,Rickard,Camings,rcamingsbo@usnews.com,Male,7.231.145.201
422,Guenevere,Exroll,gexrollbp@huffingtonpost.com,Genderfluid,79.174.101.237
423,Francois,Binstead,fbinsteadbq@hc360.com,Male,217.216.106.129
424,Rowen,Buckerfield,rbuckerfieldbr@technorati.com,Male,42.17.200.234
425,Mikael,Normand,mnormandbs@liveinternet.ru,Male,183.15.169.156
426,Lisha,Gillcrist,lgillcristbt@1und1.de,Female,87.123.152.188
427,Morganica,Buggy,mbuggybu@toplist.cz,Female,239.249.179.49
428,Margy,Mantz,mmantzbv@auda.org.au,Non-binary,159.37.157.114
429,Corbet,Faulder,cfaulderbw@miitbeian.gov.cn,Male,163.242.161.22
430,Rodolphe,Kenton,rkentonbx@istockphoto.com,Male,218.72.192.85
431,Opal,Beeho,obeehoby@hhs.gov,Female,241.248.34.17
432,Hendrick,Tideswell,htideswellbz@godaddy.com,Male,160.32.39.249
433,Isaak,MacNeilley,imacneilleyc0@princeton.edu,Male,132.94.87.222
434,Ricardo,Greenlies,rgreenliesc1@stumbleupon.com,Male,151.223.192.79
435,Magdalene,Patchett,mpatchettc2@desdev.cn,Female,191.85.183.116
436,Bancroft,Frew,bfrewc3@wp.com,Male,214.151.60.119
437,Carolyne,Burnhard,cburnhardc4@blinklist.com,Female,48.96.46.93
438,Fiorenze,Armfirld,farmfirldc5@tmall.com,Female,79.53.8.179
439,Drucy,Mousby,dmousbyc6@google.pl,Bigender,43.93.62.67
440,Dunstan,Surpliss,dsurplissc7@a8.net,Male,37.19.195.5
441,Joelle,Castelluzzi,jcastelluzzic8@nydailynews.com,Female,161.79.105.9
442,Dorella,Effnert,deffnertc9@bing.com,Female,15.136.115.251
443,Guillaume,Whyteman,gwhytemanca@csmonitor.com,Male,15.83.18.3
444,Alexei,Mateev,amateevcb@cnn.com,Male,184.83.133.225
445,Hendrik,Northeast,hnortheastcc@moonfruit.com,Male,24.215.181.64
446,Michal,Applin,mapplincd@ow.ly,Female,135.37.223.158
447,Shamus,Petric,spetricce@moonfruit.com,Male,201.186.72.26
448,Cynthea,Klees,ckleescf@economist.com,Female,189.218.143.198
449,Sherm,Beenham,sbeenhamcg@blogtalkradio.com,Male,255.39.18.5
450,Ezequiel,Thaine,ethainech@eepurl.com,Agender,156.164.31.159
451,Micah,Dobeson,mdobesonci@home.pl,Male,64.44.191.211
452,Candida,Shillan,cshillancj@hc360.com,Female,92.60.41.16
453,Georgena,Jeffcock,gjeffcockck@noaa.gov,Female,150.255.217.162
454,Leigh,MacIntyre,lmacintyrecl@nasa.gov,Genderqueer,170.82.113.62
455,Vanda,Sorensen,vsorensencm@sitemeter.com,Female,213.255.66.44
456,Theodore,Bennion,tbennioncn@ask.com,Male,121.239.185.32
457,Julienne,Emerton,jemertonco@chronoengine.com,Female,19.187.215.35
458,Fin,Di Iorio,fdiioriocp@ow.ly,Male,6.176.157.34
459,Bastian,Celier,bceliercq@goo.gl,Male,50.31.44.205
460,Bianka,Moultrie,bmoultriecr@si.edu,Female,17.176.57.60
461,Omar,Benardette,obenardettecs@kickstarter.com,Male,5.80.20.200
462,Chip,Bauman,cbaumanct@slate.com,Male,113.174.206.255
463,Doria,Bovis,dboviscu@google.cn,Female,186.198.5.67
464,Dill,De Robertis,dderobertiscv@alibaba.com,Male,5.223.3.20
465,Shay,Cellone,scellonecw@imgur.com,Female,152.12.30.37
466,Filberto,Conlaund,fconlaundcx@va.gov,Male,210.5.244.109
467,Sammy,Aymer,saymercy@fema.gov,Male,31.104.73.94
468,Romola,Elmhurst,relmhurstcz@smugmug.com,Female,83.239.205.164
469,Talbot,Hanbury,thanburyd0@aboutads.info,Genderfluid,195.146.9.191
470,Lise,De Cruce,ldecruced1@godaddy.com,Female,175.62.219.186
471,Shauna,Beecker,sbeeckerd2@deliciousdays.com,Female,47.245.8.114
472,Krista,White,kwhited3@nsw.gov.au,Female,17.130.14.231
473,Carita,Greenwood,cgreenwoodd4@hugedomains.com,Female,167.131.164.115
474,Arturo,Martyn,amartynd5@redcross.org,Male,59.230.60.96
475,Reg,Zuppa,rzuppad6@google.co.jp,Male,234.169.62.190
476,Ike,Kynan,ikynand7@foxnews.com,Male,94.236.8.164
477,Ophelia,Johnston,ojohnstond8@nature.com,Female,77.160.54.111
478,Benedicto,Mynard,bmynardd9@hatena.ne.jp,Male,171.208.45.5
479,Romeo,Ciciura,rciciurada@cargocollective.com,Male,47.133.114.174
480,Meghann,Lukas,mlukasdb@elegantthemes.com,Female,136.130.70.220
481,Arnold,Wyndham,awyndhamdc@ning.com,Male,26.201.20.166
482,Angus,Elstub,aelstubdd@people.com.cn,Male,150.155.138.12
483,Shelagh,Gunthorp,sgunthorpde@paypal.com,Polygender,200.146.170.99
484,Jasmine,Babonau,jbabonaudf@squidoo.com,Female,0.58.126.183
485,Orin,Snashall,osnashalldg@go.com,Male,15.182.168.118
486,Rusty,Soppeth,rsoppethdh@nydailynews.com,Male,200.92.167.157
487,Ted,Dikels,tdikelsdi@illinois.edu,Female,78.59.104.66
488,Herminia,Barrott,hbarrottdj@marriott.com,Female,28.238.34.4
489,Byram,Hambling,bhamblingdk@patch.com,Male,181.20.113.122
490,Iggy,Stygall,istygalldl@nytimes.com,Male,52.50.86.87
491,Andrey,Mussett,amussettdm@army.mil,Male,147.139.194.217
492,Griffin,Knudsen,gknudsendn@nsw.gov.au,Male,86.19.214.12
493,Adriano,Everix,aeverixdo@admin.ch,Male,141.94.119.220
494,Garvey,Sheircliffe,gsheircliffedp@jigsy.com,Male,129.181.88.1
495,Ardelle,Frackiewicz,afrackiewiczdq@wikimedia.org,Female,24.69.11.142
496,Ryan,Hover,rhoverdr@usda.gov,Male,145.93.26.106
497,Chrissie,Crighten,ccrightends@canalblog.com,Male,37.163.162.163
498,Rooney,Sweetmore,rsweetmoredt@t-online.de,Male,207.143.38.237
499,Kassie,Feasey,kfeaseydu@live.com,Female,225.164.255.199
500,Russ,Felten,rfeltendv@domainmarket.com,Male,237.200.247.111
501,Jessie,Comini,jcominidw@biblegateway.com,Female,93.4.192.45
502,Ruthy,Headington,rheadingtondx@webs.com,Female,96.76.147.112
503,Maiga,Conyard,mconyarddy@360.cn,Female,111.28.132.28
504,Codie,Challenger,cchallengerdz@army.mil,Female,137.107.84.51
505,Townie,Raise,traisee0@yellowpages.com,Male,156.75.181.210
506,Nicholle,Lovelace,nlovelacee1@meetup.com,Female,13.52.86.85
507,Roxi,Spat,rspate2@discuz.net,Agender,187.192.28.30
508,Eliot,Bridgwater,ebridgwatere3@vistaprint.com,Male,8.101.17.109
509,Arin,Sturror,asturrore4@theatlantic.com,Male,0.64.62.125
510,Cara,Caslin,ccasline5@kickstarter.com,Female,58.27.60.129
511,Duncan,Hendrich,dhendriche6@springer.com,Male,145.108.115.11
512,Culver,Bettison,cbettisone7@chicagotribune.com,Male,202.134.150.191
513,Hilliary,MacCaffrey,hmaccaffreye8@meetup.com,Female,179.148.37.128
514,Bobbie,Thurske,bthurskee9@ucoz.com,Female,88.196.84.25
515,Shaylah,Drewell,sdrewellea@go.com,Female,214.187.200.179
516,Lorraine,Bales,lbaleseb@unblog.fr,Female,159.186.19.210
517,Baxie,Hillburn,bhillburnec@freewebs.com,Male,9.6.93.232
518,Ailis,Mager,amagered@rediff.com,Female,250.222.70.128
519,Annora,Zanni,azanniee@senate.gov,Female,176.43.235.172
520,Ofilia,O'Henecan,oohenecanef@sbwire.com,Female,130.151.107.93
521,Gunar,Guyet,gguyeteg@deliciousdays.com,Male,49.21.236.103
522,Gery,Mingotti,gmingottieh@wordpress.com,Male,179.69.203.135
523,Oriana,Twede,otwedeei@ovh.net,Female,46.69.73.45
524,Warner,Blowin,wblowinej@ow.ly,Male,86.241.135.155
525,Cesare,Keigher,ckeigherek@blogs.com,Male,54.91.223.82
526,Steffen,Trendle,strendleel@wsj.com,Male,52.10.66.150
527,Anatole,Ockleshaw,aockleshawem@blogtalkradio.com,Male,192.202.46.39
528,Victoir,Jeromson,vjeromsonen@youku.com,Male,48.249.153.198
529,Jacenta,Whitmell,jwhitmelleo@google.com.au,Female,32.201.108.200
530,Genia,Keller,gkellerep@mapquest.com,Female,219.245.175.179
531,Lodovico,Langshaw,llangshaweq@wordpress.com,Male,15.26.130.26
532,Madelina,Troup,mtrouper@phpbb.com,Female,218.65.178.27
533,Oby,Bugdell,obugdelles@cpanel.net,Male,83.173.74.57
534,Luis,Gorce,lgorceet@theglobeandmail.com,Male,123.15.205.125
535,Valery,Robart,vrobarteu@home.pl,Non-binary,192.231.201.111
536,Dela,Paydon,dpaydonev@amazon.de,Female,18.146.151.126
537,Robert,Rowbury,rrowburyew@biblegateway.com,Male,57.175.161.248
538,Lucretia,Merrgen,lmerrgenex@51.la,Female,12.6.72.200
539,Elnar,Willard,ewillardey@furl.net,Male,50.4.56.44
540,Frasier,Wren,fwrenez@umich.edu,Male,148.218.38.170
541,Margeaux,Dobing,mdobingf0@cornell.edu,Female,143.154.33.186
542,Bab,Eckhard,beckhardf1@cpanel.net,Female,55.43.110.187
543,Raina,Caulliere,rcaullieref2@digg.com,Female,134.248.48.2
544,Cass,Ceeley,cceeleyf3@yellowbook.com,Female,109.63.179.9
545,Viv,Gloyens,vgloyensf4@psu.edu,Female,2.53.118.158
546,Peggy,Appleford,papplefordf5@rambler.ru,Female,53.141.72.67
547,Maxine,Longfoot,mlongfootf6@posterous.com,Female,230.214.80.45
548,Marjorie,Mebes,mmebesf7@twitter.com,Female,231.181.158.170
549,Lesley,Lob,llobf8@goo.gl,Female,172.58.197.190
550,Maryann,Brute,mbrutef9@earthlink.net,Female,31.152.251.106
551,Albie,Cessford,acessfordfa@google.pl,Male,76.228.211.141
552,Hannah,Rabley,hrableyfb@woothemes.com,Female,115.213.144.118
553,Kahlil,Thumim,kthumimfc@a8.net,Male,185.88.30.40
554,Wolfgang,Howels,whowelsfd@ed.gov,Male,43.43.228.169
555,Andras,Lawman,alawmanfe@bandcamp.com,Male,147.166.252.2
556,Inglis,Blenkensop,iblenkensopff@blinklist.com,Male,112.197.60.86
557,Katti,Longhorne,klonghornefg@exblog.jp,Female,249.14.100.153
558,Willa,Harfleet,wharfleetfh@virginia.edu,Female,98.210.60.144
559,Carolan,Berka,cberkafi@goo.ne.jp,Female,211.39.22.70
560,Brita,Lyttle,blyttlefj@edublogs.org,Female,125.186.134.151
561,Yorke,O'Scanlon,yoscanlonfk@twitter.com,Male,246.126.69.124
562,Yancy,Hardin,yhardinfl@tinyurl.com,Polygender,101.120.41.246
563,Selena,Bartolomucci,sbartolomuccifm@forbes.com,Female,93.107.100.237
564,Ronny,Pinel,rpinelfn@exblog.jp,Female,123.113.27.107
565,Emelina,Lillegard,elillegardfo@eepurl.com,Female,200.80.148.2
566,Currey,Korneev,ckorneevfp@discuz.net,Polygender,41.66.73.209
567,Ashlin,Piotrkowski,apiotrkowskifq@accuweather.com,Male,110.217.255.247
568,Hewie,Michelet,hmicheletfr@cnbc.com,Male,168.62.176.62
569,Rozamond,Lickess,rlickessfs@noaa.gov,Female,179.49.198.179
570,Sim,Metheringham,smetheringhamft@live.com,Male,111.4.95.104
571,Lemmy,Casino,lcasinofu@wunderground.com,Male,24.246.232.153
572,Tabbie,Romain,tromainfv@ustream.tv,Male,111.72.25.231
573,Nappy,Battson,nbattsonfw@dmoz.org,Male,43.217.157.240
574,Fitzgerald,Hablot,fhablotfx@blogger.com,Male,208.51.23.219
575,Blinnie,Main,bmainfy@mail.ru,Female,128.197.179.184
576,Papagena,Beverstock,pbeverstockfz@epa.gov,Female,201.196.173.114
577,Giffie,Mitten,gmitteng0@over-blog.com,Male,177.203.89.106
578,Arni,Solman,asolmang1@harvard.edu,Male,127.241.51.195
579,Roana,Lugsdin,rlugsding2@delicious.com,Female,101.198.4.191
580,Elizabet,Simonson,esimonsong3@icq.com,Genderfluid,254.2.130.29
581,Penelope,Stepney,pstepneyg4@odnoklassniki.ru,Female,182.72.223.50
582,Catherin,Showl,cshowlg5@cnn.com,Female,42.25.89.102
583,Jacky,Jammes,jjammesg6@gravatar.com,Male,119.44.181.50
584,Mathew,O'Rowane,morowaneg7@sitemeter.com,Male,20.167.230.151
585,Clemente,Ackenhead,cackenheadg8@timesonline.co.uk,Male,7.22.120.82
586,Golda,Thraves,gthravesg9@delicious.com,Female,173.187.105.208
587,Josias,Narup,jnarupga@cornell.edu,Male,113.43.24.7
588,Hervey,Tuxill,htuxillgb@theglobeandmail.com,Male,130.44.82.128
589,Fancy,Winstone,fwinstonegc@eepurl.com,Female,30.169.76.14
590,Emlen,Hadden,ehaddengd@patch.com,Male,112.255.127.64
591,Suki,Giovannardi,sgiovannardige@unc.edu,Female,145.170.244.115
592,Bobette,Lawrance,blawrancegf@hibu.com,Female,229.241.84.202
593,Elsie,Huckster,ehuckstergg@google.com.au,Female,147.73.59.108
594,Bailey,Greatex,bgreatexgh@pagesperso-orange.fr,Male,43.202.165.187
595,Tommie,Smouten,tsmoutengi@ifeng.com,Male,157.139.196.109
596,Hagan,Backhurst,hbackhurstgj@webmd.com,Polygender,163.73.33.119
597,Kirsti,Parley,kparleygk@google.co.uk,Female,52.207.108.185
598,Yehudi,Espie,yespiegl@unc.edu,Male,86.166.172.215
599,Vance,Skarr,vskarrgm@epa.gov,Male,131.12.116.165
600,Alisun,Deguara,adeguaragn@redcross.org,Polygender,41.92.89.224
601,Nefen,Housden,nhousdengo@4shared.com,Male,195.88.108.175
602,Collete,Wansbury,cwansburygp@cpanel.net,Female,202.236.7.209
603,Averil,Ouldred,aouldredgq@ifeng.com,Male,159.72.85.26
604,Talyah,Beddo,tbeddogr@imdb.com,Female,160.12.249.164
605,Lira,Dougill,ldougillgs@t-online.de,Female,208.217.44.4
606,Clary,Domenicone,cdomeniconegt@pen.io,Female,32.100.76.136
607,Darla,Hoys,dhoysgu@lulu.com,Female,60.156.120.11
608,Sheffie,Alday,saldaygv@washingtonpost.com,Male,106.248.28.194
609,Evanne,Asker,easkergw@stanford.edu,Female,162.144.157.217
610,Karla,Lunam,klunamgx@prnewswire.com,Female,19.162.95.9
611,Elsworth,Pretorius,epretoriusgy@aboutads.info,Male,186.143.126.122
612,Oates,Bortolutti,obortoluttigz@imdb.com,Male,184.246.84.51
613,Sybille,Thoumasson,sthoumassonh0@narod.ru,Female,139.88.211.102
614,Maurine,Mapes,mmapesh1@indiatimes.com,Female,107.56.59.227
615,Amandie,Ornils,aornilsh2@yelp.com,Female,144.245.32.167
616,Ashley,Foucar,afoucarh3@jalbum.net,Female,85.200.50.98
617,Phil,Cottu,pcottuh4@newsvine.com,Female,4.205.190.59
618,Clarita,Oldershaw,coldershawh5@plala.or.jp,Female,197.101.168.152
619,Jade,Swainston,jswainstonh6@sciencedirect.com,Female,31.71.107.74
620,Nickola,Dornin,ndorninh7@cisco.com,Male,228.35.217.243
621,Myron,Usherwood,musherwoodh8@drupal.org,Male,49.128.103.153
622,Stephie,Letten,slettenh9@chronoengine.com,Female,167.148.154.234
623,Hermione,Plumtree,hplumtreeha@i2i.jp,Female,37.18.122.91
624,Valida,Motion,vmotionhb@goodreads.com,Female,31.225.96.31
625,Delcina,Vannoni,dvannonihc@prlog.org,Female,34.211.53.213
626,Staffard,O'Hagan,sohaganhd@dailymotion.com,Male,236.218.183.153
627,Emmalynne,Curling,ecurlinghe@npr.org,Female,78.152.221.190
628,Roxane,Pickrill,rpickrillhf@latimes.com,Female,125.254.113.9
629,Bogart,Rhodus,brhodushg@nba.com,Male,185.112.125.178
630,Rochette,Tuckie,rtuckiehh@example.com,Female,56.201.36.210
631,Janice,Clash,jclashhi@ox.ac.uk,Female,197.9.146.179
632,Lynnett,Babidge,lbabidgehj@freewebs.com,Female,243.211.131.32
633,Mathian,Gillebride,mgillebridehk@stumbleupon.com,Male,170.194.95.224
634,Simone,Wilcher,swilcherhl@sina.com.cn,Female,22.229.115.170
635,Jeffie,Dawkins,jdawkinshm@sina.com.cn,Male,75.36.251.218
636,Eugenius,Goring,egoringhn@china.com.cn,Male,130.196.28.198
637,Virge,Schulkins,vschulkinsho@elpais.com,Male,123.38.192.0
638,Margette,Juschke,mjuschkehp@hugedomains.com,Female,126.30.95.62
639,Elysia,Cordingley,ecordingleyhq@fastcompany.com,Female,233.48.66.160
640,Brandea,Rattray,brattrayhr@netlog.com,Female,81.58.133.211
641,Angela,Pateman,apatemanhs@oakley.com,Female,125.155.236.197
642,Chaddy,Shackleford,cshacklefordht@youtu.be,Male,223.56.161.154
643,Tommie,Valenti,tvalentihu@cam.ac.uk,Male,0.104.80.160
644,Imogene,Jumel,ijumelhv@wiley.com,Female,73.226.5.152
645,Bink,Hazelgrove,bhazelgrovehw@altervista.org,Male,101.98.168.236
646,Waiter,Oddboy,woddboyhx@edublogs.org,Male,55.86.70.179
647,Suzann,Lauritzen,slauritzenhy@lycos.com,Female,177.239.115.145
648,Magdalena,Henze,mhenzehz@wordpress.com,Genderfluid,235.100.253.141
649,Jerrine,Petto,jpettoi0@weebly.com,Female,158.83.58.185
650,Jaimie,Skea,jskeai1@comsenz.com,Female,91.234.172.161
651,Mariette,Nasey,mnaseyi2@vimeo.com,Female,69.78.18.204
652,Ahmed,MacTeague,amacteaguei3@fotki.com,Agender,76.107.80.78
653,Jarid,Rennebeck,jrennebecki4@reddit.com,Agender,211.167.12.117
654,Fredrika,McMackin,fmcmackini5@creativecommons.org,Female,113.147.111.120
655,Kristel,Simonite,ksimonitei6@reuters.com,Female,219.203.100.215
656,Sigismondo,Mackness,smacknessi7@buzzfeed.com,Male,201.189.33.210
657,Ruby,Kinner,rkinneri8@reddit.com,Non-binary,94.178.33.84
658,Trudy,Deveraux,tdeverauxi9@springer.com,Genderfluid,62.12.198.223
659,Bernadine,Brisset,bbrissetia@dailymail.co.uk,Female,255.99.35.143
660,Gerald,Threadgould,gthreadgouldib@mac.com,Male,79.69.26.211
661,Ingra,Stollenberg,istollenbergic@yahoo.co.jp,Male,112.87.95.228
662,Ellyn,Muzzlewhite,emuzzlewhiteid@discovery.com,Bigender,70.123.221.72
663,Amanda,Stife,astifeie@flavors.me,Female,127.126.128.207
664,Sammy,Paskerful,spaskerfulif@wix.com,Male,134.41.156.99
665,Roselia,McRorie,rmcrorieig@netvibes.com,Female,120.231.95.240
666,Gladys,Pike,gpikeih@harvard.edu,Female,131.154.255.48
667,Brice,Seckington,bseckingtonii@moonfruit.com,Male,255.132.192.145
668,Marline,Eidler,meidlerij@tripod.com,Female,23.229.47.153
669,Dillie,Fawdrie,dfawdrieik@prnewswire.com,Male,83.117.247.25
670,Ravi,Deards,rdeardsil@mapquest.com,Male,68.149.67.218
671,Selestina,Feavyour,sfeavyourim@telegraph.co.uk,Female,39.121.250.206
672,Boyce,Bettenson,bbettensonin@github.com,Male,40.243.69.111
673,Virgie,D'eathe,vdeatheio@mysql.com,Genderfluid,221.170.13.233
674,El,Humphrys,ehumphrysip@google.nl,Male,90.222.234.7
675,Nealon,Grisewood,ngrisewoodiq@walmart.com,Male,217.180.57.178
676,Lani,Jurczak,ljurczakir@liveinternet.ru,Female,230.78.34.199
677,Stephanie,Longwood,slongwoodis@springer.com,Female,249.37.168.179
678,Donovan,Horsey,dhorseyit@jigsy.com,Male,77.32.46.227
679,Papageno,Kenn,pkenniu@smh.com.au,Genderqueer,249.64.91.226
680,Nannie,Sprason,nsprasoniv@miitbeian.gov.cn,Female,180.238.146.125
681,Tristan,Antonietti,tantoniettiiw@ustream.tv,Male,140.232.206.186
682,Wylie,Tythacott,wtythacottix@hibu.com,Male,204.222.52.69
683,Silvanus,Popham,spophamiy@yellowpages.com,Male,148.140.28.45
684,Muhammad,Graveson,mgravesoniz@about.me,Male,23.181.109.248
685,Bibi,Sherreard,bsherreardj0@phpbb.com,Female,64.186.74.80
686,Prentice,Cornilli,pcornillij1@xrea.com,Male,105.225.230.240
687,Trude,Lamzed,tlamzedj2@parallels.com,Female,198.121.74.142
688,Rachele,Elvish,relvishj3@gov.uk,Female,229.166.98.3
689,Haleigh,Donnel,hdonnelj4@fda.gov,Male,187.241.220.39
690,Lacie,Snelling,lsnellingj5@statcounter.com,Female,58.28.98.202
691,Allx,Eard,aeardj6@behance.net,Female,211.85.148.99
692,Zoe,Volette,zvolettej7@blog.com,Female,169.46.74.63
693,Vincenty,Verner,vvernerj8@apache.org,Male,40.146.33.61
694,Gherardo,M'Quharge,gmquhargej9@icq.com,Male,234.25.61.253
695,Cynthy,Thorp,cthorpja@google.co.jp,Female,208.0.163.47
696,Leann,Collinge,lcollingejb@indiatimes.com,Female,154.147.209.149
697,Karim,Draper,kdraperjc@narod.ru,Male,127.76.219.180
698,Amerigo,Boylan,aboylanjd@fda.gov,Male,250.183.96.75
699,Vinita,McKue,vmckueje@hao123.com,Female,24.241.196.182
700,Shanta,MacCleay,smaccleayjf@nifty.com,Female,83.34.135.58
701,Indira,Whitticks,iwhitticksjg@mozilla.org,Female,148.121.173.68
702,Jozef,Bosquet,jbosquetjh@soup.io,Male,108.71.172.170
703,Malia,Guare,mguareji@qq.com,Female,83.87.5.162
704,Etty,Baroc,ebarocjj@photobucket.com,Female,113.2.218.193
705,Douglass,Petr,dpetrjk@indiegogo.com,Male,71.79.40.104
706,Rudie,Sim,rsimjl@instagram.com,Male,110.55.113.219
707,Emmery,Cheley,echeleyjm@ftc.gov,Male,46.11.89.160
708,Kelly,Bowell,kbowelljn@biglobe.ne.jp,Genderqueer,189.161.154.207
709,Flo,Pead,fpeadjo@amazon.co.jp,Non-binary,31.173.208.134
710,Maxy,Clelland,mclellandjp@addthis.com,Female,164.71.219.167
711,Tymothy,Ballard,tballardjq@diigo.com,Male,218.139.199.32
712,Bendix,De Launde,bdelaundejr@123-reg.co.uk,Male,99.220.207.57
713,Lenard,Scrowston,lscrowstonjs@goodreads.com,Male,101.186.219.57
714,Archie,Netherclift,anethercliftjt@4shared.com,Male,232.90.48.225
715,Buiron,Pabst,bpabstju@wordpress.org,Male,21.111.81.102
716,Josias,Ravenscroft,jravenscroftjv@clickbank.net,Male,222.69.194.104
717,Alister,Morrant,amorrantjw@dagondesign.com,Male,33.226.240.16
718,Karil,Steane,ksteanejx@discuz.net,Female,127.146.248.101
719,Cristionna,Normaville,cnormavillejy@princeton.edu,Female,99.38.27.104
720,Buiron,Hodgen,bhodgenjz@walmart.com,Male,60.194.34.26
721,Fionna,Epsley,fepsleyk0@desdev.cn,Female,103.93.125.54
722,Hedy,Giraldez,hgiraldezk1@nature.com,Female,36.138.198.5
723,Shel,Salter,ssalterk2@washingtonpost.com,Female,123.222.196.4
724,Boycey,Dineen,bdineenk3@ft.com,Male,245.37.19.117
725,Isabelita,Lafford,ilaffordk4@weather.com,Female,6.51.51.192
726,Elsi,Ratray,eratrayk5@facebook.com,Female,250.11.5.85
727,Hartwell,McGeachy,hmcgeachyk6@google.es,Male,90.243.84.228
728,Erwin,Pindell,epindellk7@scientificamerican.com,Male,217.177.30.159
729,Jonah,Docker,jdockerk8@github.com,Male,21.70.244.145
730,Muriel,Barnett,mbarnettk9@google.de,Female,192.162.254.128
731,Judie,Zamora,jzamoraka@photobucket.com,Genderqueer,8.27.93.65
732,Titus,Dummigan,tdummigankb@dion.ne.jp,Male,187.89.240.5
733,Rubina,Thunnercliffe,rthunnercliffekc@wix.com,Female,117.175.77.159
734,Aluino,Dane,adanekd@ed.gov,Male,176.89.129.194
735,Concordia,Tudgay,ctudgayke@cafepress.com,Female,25.56.184.225
736,Kassia,Tout,ktoutkf@epa.gov,Female,217.218.128.76
737,Katerina,Stockport,kstockportkg@rediff.com,Agender,30.8.99.163
738,Dulcine,Sibery,dsiberykh@state.gov,Female,161.63.106.113
739,Lorens,Chieze,lchiezeki@pinterest.com,Male,228.185.235.189
740,Alejandro,Gillie,agilliekj@yelp.com,Male,102.28.82.185
741,Lian,Phidgin,lphidginkk@harvard.edu,Female,18.151.66.121
742,Odell,Viollet,oviolletkl@elpais.com,Genderqueer,221.156.112.242
743,Crysta,Chaudret,cchaudretkm@webmd.com,Female,169.108.164.35
744,Lotti,Epton,leptonkn@washingtonpost.com,Female,30.45.184.3
745,Rosco,Pringell,rpringellko@typepad.com,Non-binary,26.127.44.159
746,Royce,Byway,rbywaykp@acquirethisname.com,Male,149.20.113.62
747,Selby,Gabby,sgabbykq@noaa.gov,Male,234.3.156.27
748,Octavius,Crosetti,ocrosettikr@last.fm,Male,219.254.129.53
749,Kitti,Cawtheray,kcawtherayks@squidoo.com,Genderqueer,76.182.100.145
750,Beniamino,Prodrick,bprodrickkt@chicagotribune.com,Male,222.30.164.160
751,Donni,MacGibbon,dmacgibbonku@wordpress.com,Female,117.53.14.184
752,Margit,Filyushkin,mfilyushkinkv@virginia.edu,Female,106.41.107.225
753,Caryl,Dyka,cdykakw@fda.gov,Male,117.40.105.69
754,Cherrita,Rustedge,crustedgekx@bloomberg.com,Agender,26.116.147.21
755,Benni,Kohrs,bkohrsky@altervista.org,Female,146.69.185.171
756,Betteann,Brader,bbraderkz@qq.com,Female,146.115.127.64
757,Geordie,Wickendon,gwickendonl0@rediff.com,Male,103.13.247.37
758,Robinet,Crame,rcramel1@posterous.com,Male,46.187.90.189
759,Allianora,Haysey,ahayseyl2@oracle.com,Female,142.25.148.239
760,Elisabeth,Le Grove,elegrovel3@sitemeter.com,Female,49.86.199.213
761,Wolfie,Richarson,wricharsonl4@who.int,Male,105.51.47.69
762,Josy,Good,jgoodl5@squidoo.com,Female,150.36.161.20
763,Caryl,Eberst,ceberstl6@topsy.com,Male,243.240.229.20
764,Tab,Beevens,tbeevensl7@slashdot.org,Male,145.155.100.84
765,Darice,Buttner,dbuttnerl8@hexun.com,Female,206.184.28.56
766,Jeno,Abbatini,jabbatinil9@barnesandnoble.com,Male,211.243.129.244
767,Rustin,Life,rlifela@yahoo.com,Male,167.15.244.105
768,Lowrance,Dranfield,ldranfieldlb@wp.com,Male,197.138.95.208
769,Carmina,Hessle,chesslelc@histats.com,Female,158.217.132.128
770,Luise,Wakerley,lwakerleyld@usgs.gov,Female,233.40.226.41
771,Giraldo,Inmett,ginmettle@wordpress.com,Genderqueer,156.141.172.230
772,Goddard,Edelheid,gedelheidlf@skyrock.com,Male,166.146.20.33
773,Adler,Cohalan,acohalanlg@ihg.com,Male,237.28.235.36
774,Kati,Empleton,kempletonlh@state.gov,Female,61.4.9.71
775,Ruddy,Turban,rturbanli@ehow.com,Non-binary,188.54.210.239
776,Tybie,Beretta,tberettalj@sfgate.com,Female,163.102.228.3
777,Preston,Farrey,pfarreylk@unc.edu,Male,175.104.178.213
778,Norbie,Easdon,neasdonll@freewebs.com,Male,18.41.12.64
779,Jemmy,Heaton,jheatonlm@craigslist.org,Female,183.44.90.152
780,Esme,Dagwell,edagwellln@java.com,Male,207.62.129.45
781,Keen,Ibert,kibertlo@howstuffworks.com,Male,54.173.229.255
782,Clarey,Slinger,cslingerlp@joomla.org,Female,104.196.206.20
783,Fonsie,Rogans,froganslq@loc.gov,Male,11.12.58.144
784,Dorie,Thomkins,dthomkinslr@furl.net,Male,232.20.198.180
785,Kennie,Marczyk,kmarczykls@stanford.edu,Male,171.61.165.147
786,Helena,Norkutt,hnorkuttlt@scientificamerican.com,Female,120.170.14.120
787,Stella,Lashbrook,slashbrooklu@friendfeed.com,Bigender,138.227.46.114
788,Moselle,Baiss,mbaisslv@seattletimes.com,Polygender,73.67.89.216
789,Katerina,Meysham,kmeyshamlw@de.vu,Female,85.65.199.224
790,Jorrie,Colleymore,jcolleymorelx@chicagotribune.com,Female,176.53.242.47
791,Keir,Bateup,kbateuply@mysql.com,Male,100.163.83.173
792,Malynda,McKain,mmckainlz@liveinternet.ru,Female,56.231.182.41
793,Gnni,Sweedland,gsweedlandm0@vimeo.com,Female,252.251.105.234
794,Trudi,Jost,tjostm1@qq.com,Female,90.33.6.58
795,Cara,Duckering,cduckeringm2@ycombinator.com,Female,19.80.133.12
796,Arabella,Biddleston,abiddlestonm3@amazon.com,Female,254.101.141.99
797,Stefano,Pittendreigh,spittendreighm4@privacy.gov.au,Male,175.176.171.109
798,Sheila,Dable,sdablem5@youtube.com,Female,201.170.253.91
799,Allsun,Webborn,awebbornm6@ebay.com,Genderfluid,67.151.193.174
800,Artur,Fearnyhough,afearnyhoughm7@netlog.com,Male,254.160.115.56
801,Saxon,Kirvin,skirvinm8@infoseek.co.jp,Male,193.229.231.187
802,Britt,Beadnell,bbeadnellm9@creativecommons.org,Female,32.65.83.157
803,Ambrosius,Lenox,alenoxma@prweb.com,Male,130.188.119.74
804,Myca,Robjents,mrobjentsmb@cnbc.com,Male,235.252.42.5
805,Erasmus,Lindsell,elindsellmc@addtoany.com,Bigender,96.63.154.148
806,Lenore,Cassedy,lcassedymd@blogtalkradio.com,Female,21.148.121.174
807,Carlene,Beer,cbeerme@sphinn.com,Female,251.100.12.218
808,Nana,Horsewood,nhorsewoodmf@goodreads.com,Female,63.224.51.65
809,Paulina,Dunkley,pdunkleymg@people.com.cn,Female,166.183.117.96
810,Euphemia,Robert,erobertmh@slate.com,Female,188.98.105.193
811,Tildie,Shelton,tsheltonmi@cmu.edu,Female,247.164.136.50
812,Cristal,Assel,casselmj@tinyurl.com,Female,57.125.229.21
813,Madison,Beviss,mbevissmk@nymag.com,Male,24.38.131.100
814,Wait,Warfield,wwarfieldml@mysql.com,Male,121.65.7.227
815,Leeann,Gane,lganemm@usnews.com,Polygender,155.241.183.36
816,Myrtia,Satterthwaite,msatterthwaitemn@senate.gov,Female,39.22.135.32
817,Cesaro,Braxton,cbraxtonmo@opera.com,Male,87.53.100.155
818,Adan,Daily,adailymp@google.es,Male,160.152.44.187
819,Arleen,Lensch,alenschmq@netvibes.com,Female,44.207.205.201
820,Kassie,Sample,ksamplemr@globo.com,Female,83.159.208.169
821,Nevins,Livingston,nlivingstonms@jiathis.com,Male,19.31.5.129
822,Dode,Goldman,dgoldmanmt@uiuc.edu,Female,65.157.138.252
823,Zebulen,Carrigan,zcarriganmu@dropbox.com,Male,149.236.143.138
824,Rubina,Gimeno,rgimenomv@reverbnation.com,Female,250.102.200.77
825,Chalmers,Shotter,cshottermw@sina.com.cn,Male,42.189.108.198
826,Colline,Manus,cmanusmx@sfgate.com,Female,252.55.180.99
827,Humphrey,Gallager,hgallagermy@opensource.org,Male,240.229.151.157
828,Adda,Geratasch,agerataschmz@japanpost.jp,Female,10.190.91.58
829,Lindon,Pilling,lpillingn0@dailymail.co.uk,Male,104.199.127.112
830,Opal,Merioth,omeriothn1@comsenz.com,Female,76.12.37.50
831,Grange,Oldacres,goldacresn2@ifeng.com,Male,130.84.219.10
832,Darla,Nerheny,dnerhenyn3@alibaba.com,Female,206.47.50.13
833,Abram,Muxworthy,amuxworthyn4@bravesites.com,Male,109.203.155.204
834,Garth,Clayworth,gclayworthn5@psu.edu,Male,247.171.123.205
835,Filbert,Tidcombe,ftidcomben6@slate.com,Male,126.196.131.250
836,Martita,Poynser,mpoynsern7@nydailynews.com,Female,213.233.209.24
837,Jarvis,Waber,jwabern8@mlb.com,Male,24.34.201.115
838,Dorella,McCawley,dmccawleyn9@de.vu,Female,59.72.169.96
839,Dionysus,Eatock,deatockna@google.cn,Male,40.93.226.13
840,Izaak,Swainson,iswainsonnb@jimdo.com,Male,153.164.250.60
841,Chance,Huygen,chuygennc@cpanel.net,Male,254.20.31.240
842,Hermy,Carrell,hcarrellnd@woothemes.com,Male,245.111.174.93
843,Bibby,Winborn,bwinbornne@msn.com,Agender,110.95.138.229
844,Annelise,Common,acommonnf@barnesandnoble.com,Female,14.222.44.6
845,Randy,Braidman,rbraidmanng@mysql.com,Female,1.60.235.26
846,Cesya,Spofford,cspoffordnh@umich.edu,Female,1.133.230.69
847,Karole,Dyka,kdykani@smh.com.au,Female,8.212.60.167
848,Jaynell,Haine,jhainenj@plala.or.jp,Female,202.85.82.247
849,Claudianus,Filippozzi,cfilippozzink@stanford.edu,Male,10.23.185.182
850,Christian,Gristock,cgristocknl@issuu.com,Female,142.80.250.158
851,Hillie,Bickle,hbicklenm@addtoany.com,Male,130.121.83.205
852,Liz,Jeaves,ljeavesnn@scientificamerican.com,Female,202.143.54.222
853,Reina,Peerless,rpeerlessno@ebay.co.uk,Female,196.118.247.84
854,Mahmud,Wandrich,mwandrichnp@hubpages.com,Male,253.148.66.179
855,Ciro,Kieran,ckierannq@dot.gov,Male,225.72.156.230
856,Moshe,Garvey,mgarveynr@symantec.com,Male,6.169.138.8
857,Ker,Johananoff,kjohananoffns@devhub.com,Male,84.91.218.250
858,Pennie,Brompton,pbromptonnt@loc.gov,Male,162.13.254.25
859,Dean,Lorain,dlorainnu@constantcontact.com,Male,241.181.49.172
860,Hyacintha,Proby,hprobynv@yale.edu,Female,70.74.118.21
861,Isidoro,Hefferon,ihefferonnw@prnewswire.com,Male,21.121.12.118
862,Shell,Turnbull,sturnbullnx@flavors.me,Female,214.156.25.193
863,Byron,Becker,bbeckerny@stumbleupon.com,Male,55.216.103.201
864,Isidro,Canwell,icanwellnz@hibu.com,Male,202.132.118.73
865,Clarence,Brackpool,cbrackpoolo0@woothemes.com,Non-binary,208.205.195.150
866,Valeda,Semour,vsemouro1@merriam-webster.com,Female,118.17.74.89
867,Germaine,Wagstaffe,gwagstaffeo2@samsung.com,Female,2.77.83.14
868,Ermanno,Diglin,ediglino3@com.com,Male,245.0.22.50
869,Raven,Caiger,rcaigero4@creativecommons.org,Female,191.111.117.77
870,Joelly,Hanhard,jhanhardo5@etsy.com,Female,125.46.138.163
871,Friedrick,Rainbow,frainbowo6@businesswire.com,Male,104.68.183.75
872,Micheline,Bowdon,mbowdono7@digg.com,Female,65.194.77.191
873,Shannon,Gowling,sgowlingo8@sitemeter.com,Bigender,201.182.218.155
874,Opaline,Brosh,obrosho9@issuu.com,Female,195.177.210.226
875,Orren,Queree,oquereeoa@yolasite.com,Genderfluid,179.147.187.21
876,Jemmy,Huckerby,jhuckerbyob@oaic.gov.au,Female,135.49.38.219
877,Kort,Clayworth,kclayworthoc@java.com,Male,6.231.97.215
878,Vanya,Manntschke,vmanntschkeod@home.pl,Female,196.149.50.4
879,Ty,Nice,tniceoe@desdev.cn,Male,10.176.89.245
880,Athena,Corps,acorpsof@ow.ly,Genderfluid,102.150.203.60
881,Gustaf,Klejna,gklejnaog@bloglovin.com,Male,27.57.138.235
882,Keeley,Torrisi,ktorrisioh@fotki.com,Female,37.66.207.206
883,Reiko,Baggalley,rbaggalleyoi@cdbaby.com,Female,21.102.206.102
884,Parrnell,Wegman,pwegmanoj@comcast.net,Male,33.10.242.196
885,Boigie,Sarle,bsarleok@wunderground.com,Male,220.0.130.91
886,Shane,Fell,sfellol@sphinn.com,Male,49.116.107.159
887,Carmen,Magister,cmagisterom@bbc.co.uk,Female,163.138.235.128
888,Delia,Davidek,ddavidekon@goo.gl,Female,200.67.29.4
889,Myron,Noar,mnoaroo@themeforest.net,Male,113.8.74.33
890,Missie,Greensmith,mgreensmithop@com.com,Female,85.52.111.112
891,Piotr,Cheales,pchealesoq@trellian.com,Male,92.4.5.252
892,Toddie,Peagram,tpeagramor@joomla.org,Male,189.228.190.234
893,Lannie,Attenborrow,lattenborrowos@springer.com,Male,251.209.157.134
894,Ike,Russ,irussot@printfriendly.com,Male,219.83.207.92
895,Giovanna,Elfes,gelfesou@gmpg.org,Female,117.157.203.46
896,Dru,Abramino,dabraminoov@fda.gov,Agender,233.251.102.202
897,Llywellyn,Sawle,lsawleow@dailymail.co.uk,Male,230.102.42.40
898,Asa,Brydone,abrydoneox@dell.com,Male,179.152.158.146
899,Norbert,Woodier,nwoodieroy@pinterest.com,Male,220.228.174.83
900,Maritsa,Mathiasen,mmathiasenoz@businessinsider.com,Female,60.218.155.104
901,Mitchael,Castelli,mcastellip0@youku.com,Male,120.227.213.189
902,Freddy,Dollard,fdollardp1@goo.ne.jp,Male,251.23.124.125
903,Dylan,Jakobsson,djakobssonp2@g.co,Male,192.11.243.235
904,Ari,Dingwall,adingwallp3@europa.eu,Male,205.242.161.119
905,Sauncho,Sharram,ssharramp4@google.ca,Male,126.207.243.118
906,Maddy,Poacher,mpoacherp5@smugmug.com,Male,168.118.249.105
907,Eli,Ateggart,eateggartp6@chronoengine.com,Male,251.52.144.215
908,Lotty,Urquhart,lurquhartp7@zimbio.com,Female,204.139.20.112
909,Ruperto,Alway,ralwayp8@addtoany.com,Male,12.255.158.228
910,Minetta,Durand,mdurandp9@amazon.co.uk,Female,237.48.106.164
911,Odelle,Scholl,oschollpa@oracle.com,Female,29.128.241.80
912,Mort,Pond,mpondpb@scientificamerican.com,Male,27.95.242.30
913,Rois,Klamman,rklammanpc@elegantthemes.com,Female,214.48.53.201
914,Lurette,Linger,llingerpd@dailymail.co.uk,Female,144.0.75.201
915,Donnajean,Davern,ddavernpe@newsvine.com,Female,170.42.2.99
916,Sophia,Deeny,sdeenypf@japanpost.jp,Female,29.223.139.149
917,Ryley,Farrer,rfarrerpg@princeton.edu,Male,97.222.139.239
918,Elita,Trembath,etrembathph@t-online.de,Female,128.110.20.210
919,Emelyne,Pothecary,epothecarypi@mit.edu,Female,52.154.79.126
920,Nichole,Mewes,nmewespj@hp.com,Genderfluid,247.181.163.67
921,Matty,Gannicott,mgannicottpk@patch.com,Female,203.51.86.54
922,Pennie,Heazel,pheazelpl@virginia.edu,Male,93.241.117.177
923,Adaline,Blazeby,ablazebypm@prlog.org,Female,240.13.91.245
924,Greta,Bredbury,gbredburypn@plala.or.jp,Female,174.93.127.90
925,Vevay,Flory,vflorypo@tiny.cc,Female,249.184.191.221
926,Norbert,Jendrys,njendryspp@ibm.com,Male,86.180.18.157
927,Dolley,Presley,dpresleypq@dedecms.com,Female,173.182.126.207
928,Ramona,Jaan,rjaanpr@parallels.com,Female,48.36.54.184
929,Roland,Enright,renrightps@hugedomains.com,Male,166.49.242.147
930,Nichol,Summerson,nsummersonpt@ox.ac.uk,Female,235.175.110.248
931,Katherina,Leeke,kleekepu@issuu.com,Female,88.148.160.47
932,Alistair,Craigg,acraiggpv@reverbnation.com,Male,176.226.115.77
933,Edna,Galego,egalegopw@nature.com,Female,229.104.70.233
934,Flor,Senogles,fsenoglespx@businessweek.com,Female,209.177.143.63
935,Sancho,Littefair,slittefairpy@soup.io,Male,180.219.243.140
936,Lyndell,Finney,lfinneypz@berkeley.edu,Female,157.8.111.4
937,Ambur,Chisolm,achisolmq0@free.fr,Female,34.96.160.193
938,Auguste,Boylan,aboylanq1@flavors.me,Female,31.106.63.89
939,Wileen,Hounsom,whounsomq2@miibeian.gov.cn,Female,241.53.23.19
940,Byrom,Fellowes,bfellowesq3@noaa.gov,Male,225.153.224.114
941,Norbert,Pennings,npenningsq4@yale.edu,Male,126.204.184.231
942,Giordano,Dubbin,gdubbinq5@privacy.gov.au,Male,240.62.174.8
943,Madelaine,Delgaty,mdelgatyq6@archive.org,Female,177.244.234.209
944,Marcile,William,mwilliamq7@columbia.edu,Polygender,5.133.10.155
945,Tanitansy,Blagbrough,tblagbroughq8@cbslocal.com,Female,45.213.125.244
946,Jacob,Powderham,jpowderhamq9@lulu.com,Male,253.95.201.52
947,Marleen,Trenfield,mtrenfieldqa@npr.org,Female,216.32.173.121
948,Demetrius,Gotthard.sf,dgotthardsfqb@diigo.com,Male,214.166.205.159
949,Melvyn,Corfield,mcorfieldqc@networkadvertising.org,Male,219.33.196.208
950,Ruperto,Merigon,rmerigonqd@who.int,Male,179.108.144.83
951,Cassandre,Guyan,cguyanqe@marriott.com,Female,140.127.59.179
952,Tristan,Cromley,tcromleyqf@flavors.me,Male,179.245.129.23
953,Lodovico,Stiegar,lstiegarqg@rambler.ru,Male,97.96.131.210
954,Bidget,Drance,bdranceqh@ocn.ne.jp,Female,51.253.115.239
955,Dar,Duell,dduellqi@umn.edu,Male,229.5.141.144
956,Catie,Eads,ceadsqj@discuz.net,Female,18.40.221.48
957,Ethe,Nutbeem,enutbeemqk@ebay.com,Male,240.191.49.64
958,Shanda,Purle,spurleql@usa.gov,Bigender,151.11.238.236
959,Alleyn,Espadate,aespadateqm@google.nl,Male,14.59.0.160
960,Matty,Bladen,mbladenqn@feedburner.com,Female,19.65.53.183
961,Joe,Duligall,jduligallqo@themeforest.net,Male,19.76.18.148
962,Amalee,Darwent,adarwentqp@typepad.com,Female,215.156.65.83
963,Ariella,Goldman,agoldmanqq@comsenz.com,Female,232.173.49.240
964,Margaret,Bilbrey,mbilbreyqr@delicious.com,Female,23.111.50.244
965,Helena,Zannetti,hzannettiqs@virginia.edu,Female,193.152.97.182
966,Kyle,Volet,kvoletqt@weebly.com,Genderqueer,38.179.41.79
967,Germaine,Seedman,gseedmanqu@npr.org,Female,248.138.231.65
968,Brande,Maxwaile,bmaxwaileqv@amazonaws.com,Female,64.224.31.122
969,Nadine,Wagstaffe,nwagstaffeqw@tripod.com,Female,96.2.16.170
970,Lenore,Skamell,lskamellqx@sbwire.com,Female,49.95.48.101
971,Urban,Wimbridge,uwimbridgeqy@nationalgeographic.com,Male,234.224.118.152
972,Curran,Olek,colekqz@cornell.edu,Male,217.37.175.8
973,Giacomo,Vauter,gvauterr0@de.vu,Male,146.74.164.246
974,Hakim,Plampeyn,hplampeynr1@phoca.cz,Male,12.107.150.246
975,Sharline,Condliffe,scondliffer2@merriam-webster.com,Female,58.80.249.200
976,Jerome,Stainton - Skinn,jstaintonskinnr3@arstechnica.com,Male,202.182.60.71
977,Merlina,Luce,mlucer4@goo.gl,Genderfluid,210.148.11.5
978,Gabie,Saipy,gsaipyr5@shinystat.com,Male,24.219.186.26
979,Linnell,Stenhouse,lstenhouser6@scribd.com,Female,156.37.221.11
980,Britt,Kippie,bkippier7@de.vu,Genderfluid,250.103.217.199
981,Timoteo,Ridolfi,tridolfir8@ed.gov,Male,205.95.136.254
982,Maddy,Newberry,mnewberryr9@yolasite.com,Male,102.170.0.174
983,Darrick,Guerriero,dguerrierora@slideshare.net,Male,160.120.44.148
984,Temple,Roggieri,troggierirb@skyrock.com,Male,63.190.230.116
985,Andromache,Mauchlen,amauchlenrc@prlog.org,Female,3.91.216.240
986,Jo,Frunks,jfrunksrd@umn.edu,Male,21.154.230.69
987,Timothee,Kelcey,tkelceyre@paginegialle.it,Male,232.159.130.62
988,Nathalie,Meegan,nmeeganrf@slate.com,Genderqueer,203.75.73.226
989,Peterus,Lummis,plummisrg@livejournal.com,Male,125.227.42.171
990,Sharai,Dockerty,sdockertyrh@flickr.com,Female,178.130.153.177
991,Thayne,Allot,tallotri@nature.com,Male,157.249.227.191
992,Linnie,Stebbins,lstebbinsrj@bravesites.com,Female,185.96.122.26
993,Teodor,Durnan,tdurnanrk@infoseek.co.jp,Male,68.205.132.220
994,Mikael,Fouracres,mfouracresrl@samsung.com,Male,7.233.40.244
995,Golda,Woodfin,gwoodfinrm@cargocollective.com,Female,70.142.140.122
996,Mariquilla,Scutchings,mscutchingsrn@bbc.co.uk,Female,150.0.196.40
997,Marja,Moger,mmogerro@examiner.com,Female,131.216.117.68
998,Aleta,Rangell,arangellrp@china.com.cn,Female,69.45.244.205
999,Brena,Dirkin,bdirkinrq@ovh.net,Female,4.79.240.169
1000,Aland,Messam,amessamrr@ed.gov,Male,65.1.250.226
